household_key,is_treated,treatment_source,treatment_cutoff_day
1,1,Both,651
10,1,Mailer_Only,651
100,1,Both,651
1000,1,Both,651
1001,1,Both,651
1002,1,Mailer_Only,651
1003,1,Both,651
1004,1,Mailer_Only,651
1005,1,Both,651
1006,1,Both,651
1007,1,Mailer_Only,651
1008,1,Mailer_Only,651
1009,1,Mailer_Only,651
101,1,Both,651
1010,1,Mailer_Only,651
1011,1,Both,651
1012,1,Both,651
1013,1,Both,651
1014,1,Both,651
1015,1,Both,651
1016,1,Mailer_Only,651
1017,1,Both,651
1018,1,Both,651
1019,1,Mailer_Only,651
102,1,Both,651
1020,1,Both,651
1021,1,Both,651
1022,1,Mailer_Only,651
1023,1,Both,651
1024,1,Both,651
1025,1,Both,651
1026,1,Mailer_Only,651
1027,1,Both,651
1028,1,Both,651
1029,1,Both,651
103,1,Both,651
1030,1,Both,651
1031,1,Mailer_Only,651
1032,1,Both,651
1033,1,Both,651
1034,1,Mailer_Only,651
1035,1,Mailer_Only,651
1036,1,Mailer_Only,651
1037,1,Mailer_Only,651
1038,1,Mailer_Only,651
1039,1,Both,651
104,1,Both,651
1040,1,Both,651
1041,1,Both,651
1042,1,Both,651
1043,1,Mailer_Only,651
1044,1,Both,651
1045,1,Both,651
1046,1,Mailer_Only,651
1047,1,Both,651
1048,1,Both,651
1049,1,Both,651
105,1,Both,651
1050,1,Mailer_Only,651
1051,1,Both,651
1052,1,Both,651
1053,1,Mailer_Only,651
1054,1,Mailer_Only,651
1055,1,Mailer_Only,651
1056,1,Mailer_Only,651
1057,1,Both,651
1058,1,Both,651
1059,1,Mailer_Only,651
106,1,Mailer_Only,651
1060,1,Mailer_Only,651
1061,1,Both,651
1062,1,Both,651
1063,1,Both,651
1064,1,Both,651
1065,1,Both,651
1066,1,Both,651
1067,1,Both,651
1068,1,Mailer_Only,651
1069,1,Both,651
107,1,Mailer_Only,651
1070,1,Both,651
1071,1,Both,651
1072,1,Mailer_Only,651
1073,1,Both,651
1074,1,Both,651
1075,1,Both,651
1076,1,Both,651
1077,1,Both,651
1078,1,Both,651
1079,1,Both,651
108,1,Both,651
1080,1,Both,651
1081,1,Both,651
1082,1,Mailer_Only,651
1083,1,Both,651
1084,1,Both,651
1085,1,Both,651
1086,1,Both,651
1087,1,Both,651
1088,1,Mailer_Only,651
1089,1,Both,651
109,1,Both,651
1090,1,Mailer_Only,651
1091,1,Both,651
1092,1,Both,651
1093,1,Both,651
1094,1,Both,651
1095,1,Mailer_Only,651
1096,1,Mailer_Only,651
1097,1,Both,651
1098,1,Both,651
1099,1,Mailer_Only,651
11,1,Mailer_Only,651
110,1,Both,651
1100,1,Mailer_Only,651
1101,1,Mailer_Only,651
1102,1,Both,651
1103,1,Both,651
1104,1,Both,651
1105,1,Mailer_Only,651
1106,1,Mailer_Only,651
1107,1,Mailer_Only,651
1108,1,Mailer_Only,651
1109,1,Both,651
111,1,Both,651
1110,1,Both,651
1111,1,Both,651
1112,1,Both,651
1113,1,Both,651
1114,1,Both,651
1115,1,Both,651
1116,1,Both,651
1117,1,Both,651
1118,1,Mailer_Only,651
1119,1,Both,651
112,1,Both,651
1120,1,Both,651
1121,1,Both,651
1122,1,Both,651
1123,1,Both,651
1124,1,Both,651
1125,1,Mailer_Only,651
1126,1,Both,651
1127,1,Both,651
1128,1,Both,651
1129,1,Both,651
113,1,Both,651
1130,1,Both,651
1131,1,Both,651
1132,1,Both,651
1133,1,Mailer_Only,651
1134,1,Both,651
1135,1,Both,651
1136,1,Both,651
1137,1,Mailer_Only,651
1138,1,Both,651
1139,1,Both,651
114,1,Both,651
1140,1,Both,651
1141,1,Mailer_Only,651
1142,1,Both,651
1143,1,Both,651
1144,1,Mailer_Only,651
1145,1,Both,651
1146,1,Both,651
1147,1,Both,651
1148,1,Mailer_Only,651
1149,1,Mailer_Only,651
115,1,Both,651
1150,1,Mailer_Only,651
1151,1,Mailer_Only,651
1152,1,Mailer_Only,651
1153,1,Mailer_Only,651
1154,1,Both,651
1155,1,Mailer_Only,651
1156,1,Both,651
1157,1,Mailer_Only,651
1158,1,Both,651
1159,1,Both,651
116,1,Both,651
1160,1,Mailer_Only,651
1161,1,Mailer_Only,651
1162,1,Both,651
1163,1,Both,651
1164,1,Mailer_Only,651
1165,1,Both,651
1166,1,Both,651
1167,1,Both,651
1168,1,Both,651
1169,1,Both,651
117,1,Both,651
1170,1,Mailer_Only,651
1171,1,Mailer_Only,651
1172,1,Both,651
1173,1,Mailer_Only,651
1174,1,Mailer_Only,651
1175,1,Both,651
1176,1,Mailer_Only,651
1177,1,Mailer_Only,651
1178,1,Both,651
1179,1,Both,651
118,1,Both,651
1180,1,Mailer_Only,651
1181,1,Both,651
1182,1,Mailer_Only,651
1183,1,Both,651
1184,1,Mailer_Only,651
1185,1,Mailer_Only,651
1186,1,Both,651
1187,1,Both,651
1188,1,Both,651
1189,1,Mailer_Only,651
119,1,Both,651
1190,1,Both,651
1191,1,Mailer_Only,651
1192,1,Both,651
1193,1,Both,651
1194,1,Mailer_Only,651
1195,1,Mailer_Only,651
1196,1,Mailer_Only,651
1197,1,Both,651
1198,1,Both,651
1199,1,Mailer_Only,651
12,1,Mailer_Only,651
120,1,Mailer_Only,651
1200,1,Both,651
1201,1,Both,651
1202,1,Both,651
1203,1,Both,651
1204,1,Both,651
1205,1,Both,651
1206,1,Both,651
1207,1,Both,651
1208,1,Mailer_Only,651
1209,1,Both,651
121,1,Both,651
1210,1,Mailer_Only,651
1211,1,Both,651
1212,1,Mailer_Only,651
1213,1,Mailer_Only,651
1214,1,Mailer_Only,651
1215,1,Mailer_Only,651
1216,1,Both,651
1217,1,Both,651
1218,1,Both,651
1219,1,Mailer_Only,651
122,1,Both,651
1220,1,Mailer_Only,651
1221,1,Mailer_Only,651
1222,1,Both,651
1223,1,Both,651
1224,1,Both,651
1225,1,Mailer_Only,651
1226,1,Both,651
1227,1,Both,651
1228,1,Both,651
1229,1,Both,651
123,1,Both,651
1230,1,Mailer_Only,651
1231,1,Both,651
1232,1,Both,651
1233,1,Both,651
1234,1,Both,651
1235,1,Both,651
1236,1,Mailer_Only,651
1237,1,Both,651
1238,1,Both,651
1239,1,Mailer_Only,651
124,1,Both,651
1240,1,Both,651
1241,1,Both,651
1242,1,Mailer_Only,651
1243,1,Mailer_Only,651
1244,1,Mailer_Only,651
1245,1,Both,651
1246,1,Both,651
1247,1,Both,651
1248,1,Both,651
1249,1,Mailer_Only,651
125,1,Both,651
1250,1,Mailer_Only,651
1251,1,Mailer_Only,651
1252,1,Both,651
1253,1,Both,651
1254,1,Mailer_Only,651
1255,1,Mailer_Only,651
1256,1,Both,651
1257,1,Mailer_Only,651
1258,1,Both,651
1259,1,Mailer_Only,651
126,1,Mailer_Only,651
1260,1,Both,651
1261,1,Both,651
1262,1,Both,651
1263,1,Both,651
1264,1,Both,651
1265,1,Both,651
1266,1,Mailer_Only,651
1267,1,Both,651
1268,1,Mailer_Only,651
1269,1,Both,651
127,1,Both,651
1270,1,Mailer_Only,651
1271,1,Both,651
1272,1,Both,651
1273,1,Mailer_Only,651
1274,1,Both,651
1275,1,Mailer_Only,651
1276,1,Mailer_Only,651
1277,1,Both,651
1278,1,Both,651
1279,1,Mailer_Only,651
128,1,Mailer_Only,651
1280,1,Mailer_Only,651
1281,1,Mailer_Only,651
1282,1,Both,651
1283,1,Both,651
1284,1,Mailer_Only,651
1285,1,Both,651
1286,1,Mailer_Only,651
1287,1,Both,651
1288,1,Mailer_Only,651
1289,1,Both,651
129,1,Both,651
1290,1,Both,651
1291,1,Both,651
1292,1,Mailer_Only,651
1293,1,Mailer_Only,651
1294,1,Both,651
1295,1,Both,651
1296,1,Both,651
1297,1,Mailer_Only,651
1298,1,Both,651
1299,1,Both,651
13,1,Both,651
130,1,Mailer_Only,651
1300,1,Both,651
1301,1,Both,651
1302,1,Mailer_Only,651
1303,1,Both,651
1304,1,Both,651
1305,1,Both,651
1306,1,Both,651
1307,1,Mailer_Only,651
1308,1,Mailer_Only,651
1309,1,Mailer_Only,651
131,1,Both,651
1310,1,Both,651
1311,1,Mailer_Only,651
1312,1,Both,651
1313,1,Both,651
1314,1,Both,651
1315,1,Mailer_Only,651
1316,1,Both,651
1317,1,Both,651
1318,1,Both,651
1319,1,Both,651
132,1,Mailer_Only,651
1320,1,Mailer_Only,651
1321,1,Both,651
1322,1,Mailer_Only,651
1323,1,Mailer_Only,651
1324,1,Both,651
1325,1,Both,651
1326,1,Both,651
1327,1,Mailer_Only,651
1328,1,Mailer_Only,651
1329,1,Mailer_Only,651
133,1,Both,651
1330,1,Both,651
1331,1,Mailer_Only,651
1332,1,Both,651
1333,1,Both,651
1334,1,Mailer_Only,651
1335,1,Both,651
1336,1,Both,651
1337,1,Both,651
1338,1,Both,651
1339,1,Mailer_Only,651
134,1,Both,651
1340,1,Mailer_Only,651
1341,1,Mailer_Only,651
1342,1,Mailer_Only,651
1343,1,Mailer_Only,651
1344,1,Both,651
1345,1,Both,651
1346,1,Both,651
1347,1,Both,651
1348,1,Mailer_Only,651
1349,1,Both,651
135,1,Both,651
1350,1,Mailer_Only,651
1351,1,Both,651
1352,1,Both,651
1353,1,Both,651
1354,1,Both,651
1355,1,Mailer_Only,651
1356,1,Both,651
1357,1,Both,651
1358,1,Both,651
1359,1,Both,651
136,1,Both,651
1360,1,Mailer_Only,651
1361,1,Mailer_Only,651
1362,1,Mailer_Only,651
1363,1,Both,651
1364,1,Both,651
1365,1,Both,651
1366,1,Mailer_Only,651
1367,1,Both,651
1368,1,Mailer_Only,651
1369,1,Mailer_Only,651
137,1,Both,651
1370,1,Both,651
1371,1,Both,651
1372,1,Both,651
1373,1,Mailer_Only,651
1374,1,Mailer_Only,651
1375,1,Both,651
1376,1,Both,651
1377,1,Both,651
1378,1,Both,651
1379,1,Both,651
138,1,Both,651
1380,1,Mailer_Only,651
1381,1,Mailer_Only,651
1382,1,Both,651
1383,1,Mailer_Only,651
1384,1,Mailer_Only,651
1385,1,Both,651
1386,1,Mailer_Only,651
1387,1,Mailer_Only,651
1388,1,Both,651
1389,1,Both,651
139,1,Both,651
1390,1,Both,651
1391,1,Both,651
1392,1,Both,651
1393,1,Both,651
1394,1,Both,651
1395,1,Both,651
1396,1,Both,651
1397,1,Both,651
1398,1,Both,651
1399,1,Mailer_Only,651
14,1,Both,651
140,1,Both,651
1400,1,Mailer_Only,651
1401,1,Both,651
1402,1,Both,651
1403,1,Both,651
1404,1,Both,651
1405,1,Both,651
1406,1,Both,651
1407,1,Both,651
1408,1,Mailer_Only,651
1409,1,Mailer_Only,651
141,1,Mailer_Only,651
1410,1,Both,651
1411,1,Mailer_Only,651
1412,1,Both,651
1413,1,Both,651
1414,1,Mailer_Only,651
1415,1,Both,651
1416,1,Mailer_Only,651
1417,1,Both,651
1418,1,Both,651
1419,1,Both,651
142,1,Mailer_Only,651
1420,1,Both,651
1421,1,Both,651
1422,1,Mailer_Only,651
1423,1,Both,651
1424,1,Mailer_Only,651
1425,1,Both,651
1426,1,Both,651
1427,1,Both,651
1428,1,Both,651
1429,1,Both,651
143,1,Both,651
1430,1,Both,651
1431,1,Mailer_Only,651
1432,1,Both,651
1433,1,Mailer_Only,651
1434,1,Both,651
1435,1,Mailer_Only,651
1436,1,Both,651
1437,1,Both,651
1438,1,Mailer_Only,651
1439,1,Mailer_Only,651
144,1,Mailer_Only,651
1440,1,Both,651
1441,1,Mailer_Only,651
1442,1,Mailer_Only,651
1443,1,Mailer_Only,651
1444,1,Mailer_Only,651
1445,1,Both,651
1446,1,Both,651
1447,1,Both,651
1448,1,Mailer_Only,651
1449,1,Mailer_Only,651
145,1,Both,651
1450,1,Mailer_Only,651
1451,1,Both,651
1452,1,Mailer_Only,651
1453,1,Both,651
1454,1,Both,651
1455,1,Both,651
1456,1,Mailer_Only,651
1457,1,Both,651
1458,1,Both,651
1459,1,Both,651
146,1,Both,651
1460,1,Both,651
1461,1,Both,651
1462,1,Both,651
1463,1,Both,651
1464,1,Both,651
1465,1,Both,651
1466,1,Mailer_Only,651
1467,1,Both,651
1468,1,Both,651
1469,1,Mailer_Only,651
147,1,Both,651
1470,1,Both,651
1471,1,Both,651
1472,1,Both,651
1473,1,Both,651
1474,1,Mailer_Only,651
1475,1,Both,651
1476,1,Mailer_Only,651
1477,1,Mailer_Only,651
1478,1,Mailer_Only,651
1479,1,Both,651
148,1,Both,651
1480,1,Mailer_Only,651
1481,1,Both,651
1482,1,Both,651
1483,1,Both,651
1484,1,Both,651
1485,1,Both,651
1486,1,Both,651
1487,1,Both,651
1488,1,Both,651
1489,1,Both,651
149,1,Mailer_Only,651
1490,1,Both,651
1491,1,Both,651
1492,1,Both,651
1493,1,Both,651
1494,1,Both,651
1495,1,Mailer_Only,651
1496,1,Both,651
1497,1,Mailer_Only,651
1498,1,Both,651
1499,1,Both,651
15,1,Both,651
150,1,Mailer_Only,651
1500,1,Both,651
1501,1,Both,651
1502,1,Both,651
1503,1,Mailer_Only,651
1504,1,Mailer_Only,651
1505,1,Both,651
1506,1,Mailer_Only,651
1507,1,Both,651
1508,1,Both,651
1509,1,Both,651
151,1,Both,651
1510,1,Both,651
1511,1,Both,651
1512,1,Both,651
1513,1,Both,651
1514,1,Both,651
1515,1,Both,651
1516,1,Mailer_Only,651
1517,1,Both,651
1518,1,Mailer_Only,651
1519,1,Both,651
152,1,Both,651
1520,1,Both,651
1521,1,Both,651
1522,1,Both,651
1523,1,Both,651
1524,1,Both,651
1525,1,Mailer_Only,651
1526,1,Mailer_Only,651
1527,1,Both,651
1528,1,Both,651
1529,1,Both,651
153,1,Both,651
1530,1,Mailer_Only,651
1531,1,Both,651
1532,1,Both,651
1533,1,Both,651
1534,1,Both,651
1535,1,Both,651
1536,1,Both,651
1537,1,Both,651
1538,1,Both,651
1539,1,Mailer_Only,651
154,1,Mailer_Only,651
1540,1,Both,651
1541,1,Both,651
1542,1,Both,651
1543,1,Mailer_Only,651
1544,1,Mailer_Only,651
1545,1,Both,651
1546,1,Both,651
1547,1,Both,651
1548,1,Both,651
1549,1,Both,651
155,1,Both,651
1550,1,Mailer_Only,651
1551,1,Mailer_Only,651
1552,1,Both,651
1553,1,Mailer_Only,651
1554,1,Both,651
1555,1,Both,651
1556,1,Both,651
1557,1,Both,651
1558,1,Both,651
1559,1,Both,651
156,1,Both,651
1560,1,Mailer_Only,651
1561,1,Mailer_Only,651
1562,1,Mailer_Only,651
1563,1,Both,651
1564,1,Mailer_Only,651
1565,1,Both,651
1566,1,Both,651
1567,1,Both,651
1568,1,Both,651
1569,1,Both,651
157,1,Both,651
1570,1,Both,651
1571,1,Mailer_Only,651
1572,1,Both,651
1573,1,Mailer_Only,651
1574,1,Both,651
1575,1,Both,651
1576,1,Mailer_Only,651
1577,1,Both,651
1578,1,Both,651
1579,1,Both,651
158,1,Both,651
1580,1,Both,651
1581,1,Both,651
1582,1,Mailer_Only,651
1583,1,Mailer_Only,651
1584,1,Both,651
1585,1,Both,651
1586,1,Mailer_Only,651
1587,1,Both,651
1588,1,Both,651
1589,1,Both,651
159,1,Mailer_Only,651
1590,1,Both,651
1591,1,Both,651
1592,1,Both,651
1593,1,Both,651
1594,1,Both,651
1595,1,Both,651
1596,1,Both,651
1597,1,Mailer_Only,651
1598,1,Both,651
1599,1,Both,651
16,1,Mailer_Only,651
160,1,Mailer_Only,651
1600,1,Mailer_Only,651
1601,1,Both,651
1602,1,Both,651
1603,1,Mailer_Only,651
1604,1,Mailer_Only,651
1605,1,Both,651
1606,1,Mailer_Only,651
1607,1,Both,651
1608,1,Both,651
1609,1,Both,651
161,1,Both,651
1610,1,Both,651
1611,1,Mailer_Only,651
1612,1,Both,651
1613,1,Both,651
1614,1,Both,651
1615,1,Both,651
1616,1,Both,651
1617,1,Mailer_Only,651
1618,1,Both,651
1619,1,Both,651
162,1,Mailer_Only,651
1620,1,Both,651
1621,1,Both,651
1622,1,Both,651
1623,1,Both,651
1624,1,Mailer_Only,651
1625,1,Both,651
1626,1,Mailer_Only,651
1627,1,Both,651
1628,1,Mailer_Only,651
1629,1,Mailer_Only,651
163,1,Mailer_Only,651
1630,1,Both,651
1631,1,Both,651
1632,1,Mailer_Only,651
1633,1,Both,651
1634,1,Both,651
1635,0,None,651
1636,1,Mailer_Only,651
1637,1,Mailer_Only,651
1638,1,Mailer_Only,651
1639,1,Both,651
164,1,Both,651
1640,1,Both,651
1641,1,Mailer_Only,651
1642,1,Both,651
1643,1,Mailer_Only,651
1644,1,Mailer_Only,651
1645,1,Mailer_Only,651
1646,1,Mailer_Only,651
1647,1,Mailer_Only,651
1648,1,Both,651
1649,1,Mailer_Only,651
165,1,Both,651
1650,1,Both,651
1651,1,Both,651
1652,1,Mailer_Only,651
1653,1,Both,651
1654,1,Both,651
1655,1,Mailer_Only,651
1656,1,Mailer_Only,651
1657,1,Mailer_Only,651
1658,1,Both,651
1659,1,Mailer_Only,651
166,1,Mailer_Only,651
1660,1,Both,651
1661,1,Both,651
1662,1,Both,651
1663,1,Mailer_Only,651
1664,1,Both,651
1665,1,Both,651
1666,1,Mailer_Only,651
1667,1,Both,651
1668,1,Mailer_Only,651
1669,1,Mailer_Only,651
167,1,Both,651
1670,1,Mailer_Only,651
1671,1,Both,651
1672,1,Both,651
1673,1,Both,651
1674,1,Mailer_Only,651
1675,1,Both,651
1676,1,Both,651
1677,1,Both,651
1678,1,Both,651
1679,1,Mailer_Only,651
168,1,Mailer_Only,651
1680,1,Both,651
1681,1,Mailer_Only,651
1682,1,Mailer_Only,651
1683,1,Both,651
1684,1,Mailer_Only,651
1685,1,Both,651
1686,1,Both,651
1687,1,Both,651
1688,1,Both,651
1689,1,Both,651
169,1,Mailer_Only,651
1690,1,Both,651
1691,1,Both,651
1692,1,Mailer_Only,651
1693,1,Both,651
1694,1,Both,651
1695,1,Both,651
1696,1,Both,651
1697,1,Both,651
1698,1,Mailer_Only,651
1699,1,Both,651
17,1,Both,651
170,1,Both,651
1700,1,Mailer_Only,651
1701,1,Mailer_Only,651
1702,1,Mailer_Only,651
1703,1,Both,651
1704,1,Mailer_Only,651
1705,1,Mailer_Only,651
1706,1,Both,651
1707,1,Both,651
1708,1,Both,651
1709,1,Both,651
171,1,Both,651
1710,1,Both,651
1711,1,Both,651
1712,1,Both,651
1713,1,Mailer_Only,651
1714,1,Mailer_Only,651
1715,1,Mailer_Only,651
1716,1,Both,651
1717,1,Both,651
1718,1,Mailer_Only,651
1719,1,Both,651
172,1,Both,651
1720,1,Both,651
1721,1,Mailer_Only,651
1722,1,Both,651
1723,1,Mailer_Only,651
1724,1,Both,651
1725,1,Mailer_Only,651
1726,1,Both,651
1727,1,Mailer_Only,651
1728,1,Both,651
1729,1,Both,651
173,1,Mailer_Only,651
1730,1,Mailer_Only,651
1731,1,Both,651
1732,1,Both,651
1733,1,Mailer_Only,651
1734,1,Mailer_Only,651
1735,1,Both,651
1736,1,Mailer_Only,651
1737,1,Both,651
1738,1,Both,651
1739,1,Mailer_Only,651
174,1,Both,651
1740,1,Mailer_Only,651
1741,1,Both,651
1742,1,Mailer_Only,651
1743,1,Both,651
1744,1,Both,651
1745,1,Mailer_Only,651
1746,1,Both,651
1747,1,Both,651
1748,1,Both,651
1749,1,Both,651
175,1,Both,651
1750,1,Mailer_Only,651
1751,1,Both,651
1752,1,Both,651
1753,1,Both,651
1754,1,Both,651
1755,1,Mailer_Only,651
1756,1,Both,651
1757,1,Mailer_Only,651
1758,1,Both,651
1759,1,Both,651
176,1,Both,651
1760,1,Both,651
1761,1,Mailer_Only,651
1762,1,Both,651
1763,1,Both,651
1764,1,Both,651
1765,1,Both,651
1766,1,Mailer_Only,651
1767,1,Both,651
1768,1,Mailer_Only,651
1769,1,Both,651
177,1,Both,651
1770,1,Both,651
1771,1,Mailer_Only,651
1772,1,Both,651
1773,1,Both,651
1774,1,Both,651
1775,1,Both,651
1776,1,Both,651
1777,1,Both,651
1778,1,Both,651
1779,1,Both,651
178,1,Both,651
1780,1,Both,651
1781,1,Both,651
1782,1,Both,651
1783,1,Both,651
1784,1,Mailer_Only,651
1785,1,Mailer_Only,651
1786,1,Mailer_Only,651
1787,1,Mailer_Only,651
1788,1,Both,651
1789,1,Mailer_Only,651
179,1,Mailer_Only,651
1790,1,Mailer_Only,651
1791,1,Both,651
1792,1,Both,651
1793,1,Both,651
1794,1,Both,651
1795,1,Both,651
1796,1,Mailer_Only,651
1797,1,Both,651
1798,1,Both,651
1799,1,Mailer_Only,651
18,1,Both,651
180,1,Mailer_Only,651
1800,1,Both,651
1801,1,Both,651
1802,1,Both,651
1803,1,Both,651
1804,1,Both,651
1805,1,Mailer_Only,651
1806,1,Mailer_Only,651
1807,1,Both,651
1808,1,Both,651
1809,1,Both,651
181,1,Both,651
1810,1,Both,651
1811,1,Mailer_Only,651
1812,1,Both,651
1813,1,Mailer_Only,651
1814,1,Both,651
1815,1,Both,651
1816,1,Both,651
1817,1,Mailer_Only,651
1818,1,Both,651
1819,1,Both,651
182,1,Both,651
1820,1,Both,651
1821,1,Both,651
1822,1,Both,651
1823,1,Both,651
1824,1,Both,651
1825,1,Mailer_Only,651
1826,1,Mailer_Only,651
1827,1,Mailer_Only,651
1828,1,Both,651
1829,1,Both,651
183,1,Both,651
1830,1,Mailer_Only,651
1831,1,Both,651
1832,1,Both,651
1833,1,Both,651
1834,1,Both,651
1835,1,Both,651
1836,1,Mailer_Only,651
1837,1,Both,651
1838,1,Both,651
1839,1,Both,651
184,1,Both,651
1840,1,Both,651
1841,1,Both,651
1842,1,Both,651
1843,1,Mailer_Only,651
1844,1,Both,651
1845,1,Both,651
1846,1,Both,651
1847,1,Both,651
1848,1,Both,651
1849,1,Both,651
185,1,Both,651
1850,1,Both,651
1851,1,Both,651
1852,1,Both,651
1853,1,Mailer_Only,651
1854,1,Both,651
1855,1,Mailer_Only,651
1856,1,Both,651
1857,1,Both,651
1858,1,Both,651
1859,1,Both,651
186,0,None,651
1860,1,Both,651
1861,1,Both,651
1862,1,Both,651
1863,1,Mailer_Only,651
1864,1,Both,651
1865,1,Both,651
1866,1,Mailer_Only,651
1867,1,Both,651
1868,1,Mailer_Only,651
1869,1,Both,651
187,1,Both,651
1870,1,Both,651
1871,1,Mailer_Only,651
1872,1,Both,651
1873,1,Both,651
1874,1,Both,651
1875,1,Both,651
1876,1,Mailer_Only,651
1877,1,Mailer_Only,651
1878,1,Both,651
1879,1,Both,651
188,1,Mailer_Only,651
1880,1,Mailer_Only,651
1881,1,Both,651
1882,1,Mailer_Only,651
1883,1,Both,651
1884,1,Both,651
1885,1,Mailer_Only,651
1886,1,Both,651
1887,1,Both,651
1888,1,Mailer_Only,651
1889,1,Both,651
189,1,Mailer_Only,651
1890,1,Both,651
1891,1,Both,651
1892,1,Both,651
1893,1,Mailer_Only,651
1894,1,Both,651
1895,1,Both,651
1896,1,Mailer_Only,651
1897,0,None,651
1898,1,Mailer_Only,651
1899,1,Both,651
19,1,Both,651
190,1,Mailer_Only,651
1900,1,Both,651
1901,1,Both,651
1902,1,Both,651
1903,1,Both,651
1904,1,Mailer_Only,651
1905,1,Both,651
1906,1,Both,651
1907,1,Both,651
1908,1,Mailer_Only,651
1909,1,Mailer_Only,651
191,1,Both,651
1910,1,Mailer_Only,651
1911,1,Mailer_Only,651
1912,1,Both,651
1913,1,Mailer_Only,651
1914,1,Mailer_Only,651
1915,1,Mailer_Only,651
1916,1,Both,651
1917,1,Both,651
1918,1,Both,651
1919,1,Both,651
192,1,Both,651
1920,1,Both,651
1921,1,Both,651
1922,1,Both,651
1923,1,Both,651
1924,1,Both,651
1925,1,Both,651
1926,1,Both,651
1927,1,Mailer_Only,651
1928,1,Both,651
1929,1,Both,651
193,1,Both,651
1930,1,Both,651
1931,1,Both,651
1932,1,Both,651
1933,1,Both,651
1934,1,Mailer_Only,651
1935,1,Both,651
1936,1,Both,651
1937,1,Both,651
1938,1,Mailer_Only,651
1939,1,Both,651
194,1,Mailer_Only,651
1940,1,Both,651
1941,1,Mailer_Only,651
1942,1,Mailer_Only,651
1943,1,Both,651
1944,1,Both,651
1945,1,Mailer_Only,651
1946,1,Mailer_Only,651
1947,1,Both,651
1948,1,Both,651
1949,1,Mailer_Only,651
195,1,Mailer_Only,651
1950,1,Both,651
1951,1,Mailer_Only,651
1952,1,Mailer_Only,651
1953,1,Both,651
1954,1,Mailer_Only,651
1955,1,Both,651
1956,1,Both,651
1957,1,Both,651
1958,1,Both,651
1959,1,Both,651
196,1,Both,651
1960,1,Both,651
1961,1,Both,651
1962,1,Both,651
1963,1,Both,651
1964,1,Both,651
1965,1,Both,651
1966,1,Both,651
1967,1,Both,651
1968,1,Mailer_Only,651
1969,1,Both,651
197,1,Mailer_Only,651
1970,1,Both,651
1971,1,Both,651
1972,1,Both,651
1973,1,Both,651
1974,1,Both,651
1975,1,Both,651
1976,1,Both,651
1977,1,Both,651
1978,1,Both,651
1979,1,Both,651
198,1,Both,651
1980,1,Both,651
1981,1,Both,651
1982,1,Mailer_Only,651
1983,1,Both,651
1984,1,Mailer_Only,651
1985,1,Both,651
1986,1,Both,651
1987,1,Both,651
1988,1,Both,651
1989,1,Both,651
199,1,Both,651
1990,1,Both,651
1991,1,Mailer_Only,651
1992,1,Both,651
1993,1,Both,651
1994,1,Both,651
1995,1,Both,651
1996,1,Both,651
1997,1,Both,651
1998,1,Mailer_Only,651
1999,1,Mailer_Only,651
2,1,Both,651
20,1,Both,651
200,1,Mailer_Only,651
2000,1,Both,651
2001,1,Mailer_Only,651
2002,1,Both,651
2003,1,Both,651
2004,1,Both,651
2005,1,Both,651
2006,1,Both,651
2007,1,Both,651
2008,1,Both,651
2009,1,Both,651
201,1,Both,651
2010,1,Mailer_Only,651
2011,1,Mailer_Only,651
2012,1,Both,651
2013,1,Both,651
2014,1,Mailer_Only,651
2015,1,Both,651
2016,1,Both,651
2017,1,Both,651
2018,1,Both,651
2019,1,Both,651
202,1,Mailer_Only,651
2020,1,Both,651
2021,1,Both,651
2022,1,Both,651
2023,1,Both,651
2024,1,Both,651
2025,1,Both,651
2026,1,Both,651
2027,1,Both,651
2028,1,Both,651
2029,1,Both,651
203,1,Both,651
2030,1,Both,651
2031,1,Mailer_Only,651
2032,1,Mailer_Only,651
2033,1,Both,651
2034,1,Both,651
2035,1,Both,651
2036,1,Both,651
2037,1,Both,651
2038,1,Both,651
2039,1,Both,651
204,1,Both,651
2040,1,Both,651
2041,1,Both,651
2042,1,Both,651
2043,1,Both,651
2044,1,Mailer_Only,651
2045,1,Mailer_Only,651
2046,1,Mailer_Only,651
2047,1,Both,651
2048,1,Both,651
2049,1,Both,651
205,1,Both,651
2050,1,Mailer_Only,651
2051,1,Both,651
2052,1,Mailer_Only,651
2053,1,Both,651
2054,1,Mailer_Only,651
2055,1,Both,651
2056,1,Both,651
2057,1,Both,651
2058,1,Both,651
2059,1,Mailer_Only,651
206,1,Mailer_Only,651
2060,1,Mailer_Only,651
2061,1,Both,651
2062,1,Both,651
2063,1,Both,651
2064,1,Both,651
2065,1,Both,651
2066,1,Both,651
2067,1,Mailer_Only,651
2068,1,Both,651
2069,1,Both,651
207,1,Mailer_Only,651
2070,1,Both,651
2071,1,Both,651
2072,1,Both,651
2073,1,Both,651
2074,1,Both,651
2075,1,Both,651
2076,1,Both,651
2077,1,Mailer_Only,651
2078,1,Both,651
2079,1,Mailer_Only,651
208,1,Both,651
2080,1,Both,651
2081,1,Mailer_Only,651
2082,1,Both,651
2083,1,Both,651
2084,1,Both,651
2085,1,Both,651
2086,1,Both,651
2087,1,Both,651
2088,1,Both,651
2089,1,Mailer_Only,651
209,1,Both,651
2090,1,Both,651
2091,1,Mailer_Only,651
2092,1,Both,651
2093,1,Both,651
2094,1,Both,651
2095,1,Both,651
2096,1,Mailer_Only,651
2097,1,Both,651
2098,1,Both,651
2099,1,Mailer_Only,651
21,1,Mailer_Only,651
210,1,Both,651
2100,1,Both,651
2101,1,Mailer_Only,651
2102,1,Both,651
2103,1,Mailer_Only,651
2104,1,Mailer_Only,651
2105,1,Mailer_Only,651
2106,1,Both,651
2107,1,Mailer_Only,651
2108,1,Both,651
2109,1,Both,651
211,1,Mailer_Only,651
2110,1,Both,651
2111,1,Both,651
2112,1,Both,651
2113,1,Both,651
2114,1,Both,651
2115,1,Both,651
2116,1,Both,651
2117,1,Both,651
2118,1,Both,651
2119,1,Both,651
212,1,Both,651
2120,1,Both,651
2121,1,Both,651
2122,1,Mailer_Only,651
2123,1,Both,651
2124,1,Both,651
2125,1,Both,651
2126,1,Mailer_Only,651
2127,1,Both,651
2128,1,Both,651
2129,1,Both,651
213,1,Both,651
2130,1,Both,651
2131,1,Both,651
2132,1,Mailer_Only,651
2133,1,Mailer_Only,651
2134,1,Both,651
2135,1,Mailer_Only,651
2136,1,Mailer_Only,651
2137,1,Mailer_Only,651
2138,1,Both,651
2139,1,Both,651
214,1,Both,651
2140,1,Both,651
2141,1,Both,651
2142,1,Both,651
2143,1,Mailer_Only,651
2144,1,Both,651
2145,1,Both,651
2146,1,Both,651
2147,1,Both,651
2148,1,Both,651
2149,1,Both,651
215,1,Both,651
2150,1,Mailer_Only,651
2151,1,Mailer_Only,651
2152,1,Mailer_Only,651
2153,1,Both,651
2154,1,Both,651
2155,1,Mailer_Only,651
2156,1,Both,651
2157,1,Both,651
2158,1,Both,651
2159,1,Mailer_Only,651
216,1,Both,651
2160,1,Both,651
2161,1,Mailer_Only,651
2162,1,Both,651
2163,1,Mailer_Only,651
2164,1,Both,651
2165,1,Mailer_Only,651
2166,1,Mailer_Only,651
2167,1,Mailer_Only,651
2168,1,Both,651
2169,1,Mailer_Only,651
217,1,Both,651
2170,1,Both,651
2171,1,Both,651
2172,1,Both,651
2173,1,Both,651
2174,1,Both,651
2175,1,Mailer_Only,651
2176,1,Both,651
2177,1,Mailer_Only,651
2178,1,Both,651
2179,1,Mailer_Only,651
218,1,Both,651
2180,1,Mailer_Only,651
2181,1,Both,651
2182,1,Both,651
2183,1,Both,651
2184,1,Mailer_Only,651
2185,1,Both,651
2186,1,Both,651
2187,1,Both,651
2188,1,Both,651
2189,1,Mailer_Only,651
219,1,Both,651
2190,1,Both,651
2191,1,Mailer_Only,651
2192,1,Both,651
2193,1,Both,651
2194,1,Both,651
2195,1,Both,651
2196,1,Both,651
2197,1,Both,651
2198,1,Both,651
2199,1,Both,651
22,1,Both,651
220,1,Both,651
2200,1,Both,651
2201,0,None,651
2202,1,Mailer_Only,651
2203,1,Mailer_Only,651
2204,1,Both,651
2205,1,Both,651
2206,1,Mailer_Only,651
2207,1,Both,651
2208,1,Both,651
2209,1,Mailer_Only,651
221,1,Both,651
2210,1,Mailer_Only,651
2211,1,Both,651
2212,1,Mailer_Only,651
2213,1,Both,651
2214,1,Mailer_Only,651
2215,1,Mailer_Only,651
2216,1,Mailer_Only,651
2217,1,Both,651
2218,1,Mailer_Only,651
2219,1,Mailer_Only,651
222,1,Both,651
2220,1,Mailer_Only,651
2221,1,Both,651
2222,1,Both,651
2223,1,Both,651
2224,1,Mailer_Only,651
2225,1,Mailer_Only,651
2226,1,Both,651
2227,1,Both,651
2228,1,Both,651
2229,1,Both,651
223,1,Mailer_Only,651
2230,1,Mailer_Only,651
2231,1,Both,651
2232,1,Both,651
2233,1,Both,651
2234,1,Both,651
2235,1,Both,651
2236,1,Both,651
2237,1,Both,651
2238,1,Both,651
2239,1,Both,651
224,1,Both,651
2240,1,Both,651
2241,1,Both,651
2242,1,Both,651
2243,1,Both,651
2244,1,Both,651
2245,1,Both,651
2246,1,Mailer_Only,651
2247,1,Both,651
2248,1,Mailer_Only,651
2249,1,Mailer_Only,651
225,1,Mailer_Only,651
2250,1,Both,651
2251,1,Both,651
2252,1,Both,651
2253,1,Mailer_Only,651
2254,1,Mailer_Only,651
2255,1,Mailer_Only,651
2256,1,Both,651
2257,1,Mailer_Only,651
2258,1,Both,651
2259,1,Mailer_Only,651
226,1,Mailer_Only,651
2260,1,Both,651
2261,1,Both,651
2262,1,Both,651
2263,1,Both,651
2264,1,Both,651
2265,1,Mailer_Only,651
2266,1,Both,651
2267,1,Both,651
2268,1,Mailer_Only,651
2269,1,Both,651
227,1,Both,651
2270,1,Both,651
2271,1,Both,651
2272,1,Both,651
2273,1,Both,651
2274,1,Both,651
2275,1,Both,651
2276,1,Mailer_Only,651
2277,1,Both,651
2278,1,Mailer_Only,651
2279,1,Both,651
228,1,Both,651
2280,1,Both,651
2281,1,Both,651
2282,1,Both,651
2283,1,Both,651
2284,1,Both,651
2285,1,Mailer_Only,651
2286,1,Mailer_Only,651
2287,1,Mailer_Only,651
2288,1,Both,651
2289,1,Both,651
229,1,Both,651
2290,1,Both,651
2291,1,Mailer_Only,651
2292,1,Both,651
2293,1,Mailer_Only,651
2294,1,Both,651
2295,1,Both,651
2296,1,Both,651
2297,1,Mailer_Only,651
2298,1,Both,651
2299,1,Both,651
23,1,Mailer_Only,651
230,1,Both,651
2300,1,Both,651
2301,1,Both,651
2302,1,Both,651
2303,1,Both,651
2304,1,Mailer_Only,651
2305,1,Both,651
2306,1,Mailer_Only,651
2307,1,Both,651
2308,1,Mailer_Only,651
2309,1,Both,651
231,1,Mailer_Only,651
2310,1,Both,651
2311,1,Mailer_Only,651
2312,1,Both,651
2313,1,Mailer_Only,651
2314,1,Both,651
2315,1,Mailer_Only,651
2316,1,Mailer_Only,651
2317,1,Both,651
2318,1,Both,651
2319,1,Mailer_Only,651
232,1,Both,651
2320,1,Mailer_Only,651
2321,1,Both,651
2322,1,Both,651
2323,1,Mailer_Only,651
2324,1,Both,651
2326,1,Both,651
2327,1,Both,651
2328,1,Both,651
2329,1,Both,651
233,1,Both,651
2330,1,Both,651
2331,1,Both,651
2332,0,None,651
2333,1,Both,651
2334,1,Both,651
2335,1,Both,651
2336,1,Both,651
2337,1,Both,651
2338,1,Both,651
2339,1,Mailer_Only,651
234,1,Mailer_Only,651
2340,1,Both,651
2341,1,Both,651
2342,1,Both,651
2343,1,Both,651
2344,1,Both,651
2345,1,Both,651
2346,1,Both,651
2347,1,Both,651
2348,1,Mailer_Only,651
2349,1,Both,651
235,1,Both,651
2350,1,Both,651
2351,1,Both,651
2352,1,Mailer_Only,651
2353,1,Both,651
2354,1,Mailer_Only,651
2355,1,Mailer_Only,651
2356,1,Both,651
2357,1,Mailer_Only,651
2358,1,Both,651
2359,1,Both,651
236,1,Both,651
2360,1,Both,651
2361,1,Both,651
2362,1,Both,651
2363,1,Mailer_Only,651
2364,1,Both,651
2365,1,Both,651
2366,1,Both,651
2367,1,Both,651
2368,1,Mailer_Only,651
2369,1,Both,651
237,1,Both,651
2370,1,Both,651
2371,1,Mailer_Only,651
2372,1,Both,651
2373,1,Both,651
2374,1,Both,651
2375,1,Both,651
2376,1,Both,651
2377,1,Mailer_Only,651
2378,1,Both,651
2379,1,Mailer_Only,651
238,1,Both,651
2380,1,Both,651
2381,1,Both,651
2382,1,Mailer_Only,651
2383,1,Both,651
2384,1,Mailer_Only,651
2385,1,Both,651
2386,1,Both,651
2387,1,Both,651
2388,1,Mailer_Only,651
2389,1,Mailer_Only,651
239,1,Both,651
2390,1,Both,651
2391,1,Both,651
2392,1,Mailer_Only,651
2393,1,Both,651
2394,1,Mailer_Only,651
2395,1,Both,651
2396,1,Mailer_Only,651
2397,1,Both,651
2398,1,Both,651
2399,1,Mailer_Only,651
24,1,Mailer_Only,651
240,1,Mailer_Only,651
2400,1,Both,651
2401,1,Both,651
2402,1,Both,651
2403,1,Mailer_Only,651
2404,1,Mailer_Only,651
2405,1,Both,651
2406,1,Both,651
2407,1,Both,651
2408,1,Both,651
2409,1,Both,651
241,1,Mailer_Only,651
2410,1,Both,651
2411,1,Mailer_Only,651
2412,1,Both,651
2413,1,Mailer_Only,651
2414,1,Mailer_Only,651
2415,1,Mailer_Only,651
2416,1,Mailer_Only,651
2417,1,Mailer_Only,651
2418,1,Mailer_Only,651
2419,1,Mailer_Only,651
242,1,Both,651
2420,1,Mailer_Only,651
2421,1,Both,651
2422,1,Mailer_Only,651
2423,1,Both,651
2424,1,Mailer_Only,651
2425,1,Both,651
2426,1,Both,651
2427,1,Both,651
2428,1,Mailer_Only,651
2429,1,Both,651
243,1,Both,651
2430,1,Both,651
2431,1,Mailer_Only,651
2432,1,Both,651
2433,1,Mailer_Only,651
2434,1,Mailer_Only,651
2435,1,Both,651
2436,1,Both,651
2437,1,Both,651
2438,1,Mailer_Only,651
2439,1,Mailer_Only,651
244,1,Both,651
2440,1,Both,651
2441,1,Both,651
2442,1,Mailer_Only,651
2443,1,Both,651
2444,0,None,651
2445,1,Both,651
2446,1,Both,651
2447,1,Both,651
2448,1,Both,651
2449,1,Both,651
245,1,Mailer_Only,651
2450,1,Both,651
2451,1,Both,651
2452,1,Mailer_Only,651
2453,1,Both,651
2454,1,Mailer_Only,651
2455,1,Both,651
2456,1,Mailer_Only,651
2457,1,Both,651
2458,1,Mailer_Only,651
2459,1,Both,651
246,1,Mailer_Only,651
2460,1,Mailer_Only,651
2461,1,Mailer_Only,651
2462,1,Both,651
2463,1,Mailer_Only,651
2464,1,Both,651
2465,1,Both,651
2466,1,Mailer_Only,651
2467,1,Both,651
2468,1,Both,651
2469,1,Mailer_Only,651
247,1,Mailer_Only,651
2470,1,Both,651
2471,1,Mailer_Only,651
2472,1,Mailer_Only,651
2473,1,Mailer_Only,651
2474,1,Both,651
2475,1,Both,651
2476,1,Mailer_Only,651
2477,1,Both,651
2478,1,Both,651
2479,1,Both,651
248,1,Both,651
2480,1,Both,651
2481,1,Both,651
2482,1,Both,651
2483,1,Both,651
2484,1,Both,651
2485,1,Mailer_Only,651
2486,1,Both,651
2487,1,Both,651
2488,1,Both,651
2489,1,Both,651
249,1,Both,651
2490,1,Both,651
2491,1,Both,651
2492,1,Both,651
2493,1,Mailer_Only,651
2494,1,Both,651
2495,1,Mailer_Only,651
2496,1,Both,651
2497,1,Both,651
2498,1,Mailer_Only,651
2499,1,Mailer_Only,651
25,1,Both,651
250,1,Both,651
2500,1,Both,651
251,1,Both,651
252,1,Mailer_Only,651
253,1,Both,651
254,1,Mailer_Only,651
255,1,Mailer_Only,651
256,1,Both,651
257,1,Both,651
258,1,Both,651
259,1,Mailer_Only,651
26,1,Mailer_Only,651
260,1,Mailer_Only,651
261,1,Both,651
262,1,Both,651
263,1,Both,651
264,1,Mailer_Only,651
265,1,Both,651
266,1,Both,651
267,1,Mailer_Only,651
268,1,Both,651
269,1,Both,651
27,1,Both,651
270,1,Both,651
271,1,Mailer_Only,651
272,1,Both,651
273,1,Both,651
274,1,Both,651
275,1,Both,651
276,1,Both,651
277,1,Both,651
278,1,Mailer_Only,651
279,1,Both,651
28,1,Mailer_Only,651
280,1,Mailer_Only,651
281,1,Both,651
282,1,Both,651
283,1,Both,651
284,1,Mailer_Only,651
285,1,Both,651
286,1,Mailer_Only,651
287,1,Both,651
288,1,Mailer_Only,651
289,1,Both,651
29,1,Both,651
290,1,Both,651
291,1,Both,651
292,1,Both,651
293,1,Both,651
294,1,Both,651
295,1,Mailer_Only,651
296,1,Mailer_Only,651
297,1,Both,651
298,1,Mailer_Only,651
299,0,None,651
3,1,Both,651
30,1,Both,651
300,1,Both,651
301,1,Both,651
302,1,Both,651
303,1,Both,651
304,1,Both,651
305,1,Both,651
306,1,Both,651
307,1,Both,651
308,1,Mailer_Only,651
309,1,Both,651
31,1,Both,651
310,1,Mailer_Only,651
311,1,Mailer_Only,651
312,1,Both,651
313,1,Mailer_Only,651
314,1,Mailer_Only,651
315,1,Both,651
316,1,Mailer_Only,651
317,1,Both,651
318,1,Both,651
319,1,Both,651
32,1,Both,651
320,1,Mailer_Only,651
321,1,Both,651
322,1,Both,651
323,1,Mailer_Only,651
324,1,Both,651
325,1,Both,651
326,1,Both,651
327,1,Mailer_Only,651
328,1,Both,651
329,1,Mailer_Only,651
33,1,Mailer_Only,651
330,1,Both,651
331,1,Both,651
332,1,Both,651
333,1,Both,651
334,1,Both,651
335,1,Mailer_Only,651
336,1,Both,651
337,1,Both,651
338,1,Mailer_Only,651
339,1,Both,651
34,1,Both,651
340,1,Mailer_Only,651
341,1,Both,651
342,1,Both,651
343,1,Both,651
344,1,Both,651
345,1,Both,651
346,1,Mailer_Only,651
347,1,Mailer_Only,651
348,1,Both,651
349,1,Mailer_Only,651
35,1,Both,651
350,1,Both,651
351,1,Both,651
352,1,Mailer_Only,651
353,1,Both,651
354,1,Both,651
355,1,Mailer_Only,651
356,1,Both,651
357,1,Both,651
358,1,Both,651
359,0,None,651
36,1,Both,651
360,1,Mailer_Only,651
361,1,Both,651
362,1,Both,651
363,1,Mailer_Only,651
364,1,Both,651
365,1,Both,651
366,1,Mailer_Only,651
367,1,Both,651
368,1,Both,651
369,1,Mailer_Only,651
37,1,Both,651
370,1,Both,651
371,1,Both,651
372,1,Mailer_Only,651
373,1,Mailer_Only,651
374,1,Both,651
375,1,Both,651
376,1,Mailer_Only,651
377,1,Mailer_Only,651
378,1,Both,651
379,0,None,651
38,1,Both,651
380,1,Both,651
381,1,Both,651
382,1,Both,651
383,1,Both,651
384,1,Both,651
385,1,Both,651
386,1,Both,651
387,1,Both,651
388,1,Mailer_Only,651
389,1,Both,651
39,1,Both,651
390,1,Both,651
391,1,Both,651
392,1,Both,651
393,1,Both,651
394,1,Mailer_Only,651
395,1,Mailer_Only,651
396,1,Both,651
397,1,Both,651
398,1,Both,651
399,1,Mailer_Only,651
4,1,Both,651
40,1,Both,651
400,1,Both,651
401,1,Both,651
402,1,Both,651
403,1,Both,651
404,1,Both,651
405,1,Both,651
406,1,Mailer_Only,651
407,1,Both,651
408,1,Both,651
409,1,Both,651
41,1,Mailer_Only,651
410,1,Both,651
411,1,Both,651
412,1,Both,651
413,1,Both,651
414,1,Both,651
415,1,Both,651
416,1,Both,651
417,1,Both,651
418,1,Both,651
419,1,Both,651
42,1,Both,651
420,1,Mailer_Only,651
421,1,Both,651
422,1,Both,651
423,1,Both,651
424,1,Mailer_Only,651
425,1,Both,651
426,1,Both,651
427,1,Mailer_Only,651
428,1,Both,651
429,1,Both,651
43,1,Both,651
430,1,Both,651
431,1,Both,651
432,1,Both,651
433,1,Mailer_Only,651
434,1,Mailer_Only,651
435,1,Both,651
436,1,Mailer_Only,651
437,1,Both,651
438,1,Both,651
439,1,Mailer_Only,651
44,1,Mailer_Only,651
440,1,Mailer_Only,651
441,1,Both,651
442,1,Both,651
443,1,Both,651
444,1,Both,651
445,1,Both,651
446,1,Mailer_Only,651
447,1,Mailer_Only,651
448,1,Both,651
449,1,Mailer_Only,651
45,1,Both,651
450,1,Mailer_Only,651
451,1,Mailer_Only,651
452,1,Both,651
453,1,Mailer_Only,651
454,1,Both,651
455,1,Mailer_Only,651
456,1,Both,651
457,1,Mailer_Only,651
458,1,Both,651
459,1,Both,651
46,1,Both,651
460,1,Both,651
461,1,Both,651
462,1,Both,651
463,1,Both,651
464,1,Both,651
465,1,Mailer_Only,651
466,1,Mailer_Only,651
467,1,Both,651
468,1,Both,651
469,1,Both,651
47,1,Mailer_Only,651
470,1,Both,651
471,1,Both,651
472,1,Both,651
473,1,Both,651
474,1,Both,651
475,1,Both,651
476,1,Both,651
477,1,Mailer_Only,651
478,1,Mailer_Only,651
479,1,Both,651
48,1,Both,651
480,1,Both,651
481,1,Both,651
482,1,Mailer_Only,651
483,1,Both,651
484,1,Both,651
485,1,Both,651
486,1,Mailer_Only,651
487,1,Mailer_Only,651
488,1,Mailer_Only,651
489,1,Both,651
49,1,Both,651
490,1,Both,651
491,1,Mailer_Only,651
492,1,Both,651
493,1,Both,651
494,1,Mailer_Only,651
495,1,Both,651
496,1,Mailer_Only,651
497,1,Both,651
498,1,Mailer_Only,651
499,1,Mailer_Only,651
5,1,Mailer_Only,651
50,1,Mailer_Only,651
500,0,None,651
501,1,Both,651
502,1,Both,651
503,1,Both,651
504,1,Mailer_Only,651
505,1,Mailer_Only,651
506,1,Mailer_Only,651
507,1,Both,651
508,1,Mailer_Only,651
509,1,Mailer_Only,651
51,1,Both,651
510,1,Both,651
511,1,Both,651
512,1,Both,651
513,1,Both,651
514,1,Mailer_Only,651
515,1,Both,651
516,1,Mailer_Only,651
517,1,Both,651
518,1,Both,651
519,1,Both,651
52,1,Both,651
520,1,Both,651
521,1,Mailer_Only,651
522,0,None,651
523,1,Both,651
524,1,Both,651
525,1,Both,651
526,1,Both,651
527,1,Both,651
528,1,Mailer_Only,651
529,1,Both,651
53,1,Both,651
530,1,Both,651
531,1,Both,651
532,1,Mailer_Only,651
533,1,Both,651
534,1,Both,651
535,1,Both,651
536,1,Both,651
537,1,Mailer_Only,651
538,1,Both,651
539,1,Both,651
54,1,Mailer_Only,651
540,1,Both,651
541,1,Mailer_Only,651
542,1,Both,651
543,1,Both,651
544,1,Both,651
545,1,Both,651
546,1,Both,651
547,1,Both,651
548,1,Both,651
549,1,Both,651
55,1,Mailer_Only,651
550,1,Mailer_Only,651
551,1,Mailer_Only,651
552,1,Both,651
553,1,Both,651
554,1,Both,651
555,1,Mailer_Only,651
556,1,Both,651
557,1,Mailer_Only,651
558,1,Mailer_Only,651
559,1,Mailer_Only,651
56,1,Both,651
560,1,Both,651
561,1,Mailer_Only,651
562,1,Mailer_Only,651
563,1,Both,651
564,1,Mailer_Only,651
565,1,Mailer_Only,651
566,1,Both,651
567,1,Both,651
568,1,Both,651
569,1,Both,651
57,1,Both,651
570,1,Both,651
571,1,Both,651
572,1,Mailer_Only,651
573,1,Both,651
574,1,Both,651
575,1,Both,651
576,1,Both,651
577,1,Both,651
578,1,Both,651
579,1,Both,651
58,1,Both,651
580,1,Both,651
581,1,Both,651
582,1,Both,651
583,1,Mailer_Only,651
584,1,Both,651
585,1,Both,651
586,1,Both,651
587,1,Both,651
588,1,Both,651
589,1,Both,651
59,1,Both,651
590,1,Both,651
591,1,Both,651
592,1,Both,651
593,1,Mailer_Only,651
594,1,Both,651
595,1,Both,651
596,1,Mailer_Only,651
597,1,Both,651
598,1,Both,651
599,1,Mailer_Only,651
6,1,Both,651
60,1,Mailer_Only,651
600,1,Both,651
601,1,Both,651
602,1,Mailer_Only,651
603,1,Mailer_Only,651
604,1,Mailer_Only,651
605,1,Both,651
606,1,Mailer_Only,651
607,1,Both,651
608,1,Both,651
609,1,Both,651
61,1,Mailer_Only,651
610,1,Both,651
611,1,Both,651
612,1,Both,651
613,1,Mailer_Only,651
614,1,Both,651
615,1,Mailer_Only,651
616,1,Both,651
617,1,Both,651
618,1,Both,651
619,1,Mailer_Only,651
62,1,Both,651
620,1,Both,651
621,1,Both,651
622,1,Both,651
623,1,Both,651
624,1,Both,651
625,1,Both,651
626,1,Mailer_Only,651
627,1,Both,651
628,1,Both,651
629,1,Both,651
63,1,Mailer_Only,651
630,1,Both,651
631,1,Both,651
632,1,Both,651
633,1,Both,651
634,1,Mailer_Only,651
635,1,Mailer_Only,651
636,1,Both,651
637,1,Both,651
638,1,Both,651
639,1,Mailer_Only,651
64,1,Both,651
640,1,Both,651
641,1,Both,651
642,1,Both,651
643,1,Both,651
644,1,Both,651
645,1,Mailer_Only,651
646,1,Both,651
647,1,Both,651
648,1,Mailer_Only,651
649,1,Both,651
65,1,Both,651
650,1,Both,651
651,1,Mailer_Only,651
652,1,Both,651
653,1,Both,651
654,1,Both,651
655,1,Both,651
656,1,Both,651
657,0,None,651
658,1,Mailer_Only,651
659,1,Mailer_Only,651
66,1,Mailer_Only,651
660,1,Both,651
661,1,Both,651
662,1,Both,651
663,1,Both,651
664,1,Both,651
665,1,Both,651
666,1,Mailer_Only,651
667,1,Both,651
668,1,Both,651
669,1,Both,651
67,1,Both,651
670,1,Both,651
671,1,Both,651
672,1,Both,651
673,1,Both,651
674,1,Both,651
675,1,Both,651
676,1,Both,651
677,1,Both,651
678,1,Mailer_Only,651
679,1,Both,651
68,1,Both,651
680,1,Both,651
681,1,Both,651
682,1,Both,651
683,1,Mailer_Only,651
684,1,Mailer_Only,651
685,1,Both,651
686,1,Both,651
687,1,Both,651
688,1,Both,651
689,1,Mailer_Only,651
69,1,Both,651
690,1,Both,651
691,1,Mailer_Only,651
692,1,Both,651
693,1,Both,651
694,1,Mailer_Only,651
695,1,Both,651
696,1,Both,651
697,1,Both,651
698,1,Both,651
699,1,Both,651
7,1,Both,651
70,1,Mailer_Only,651
700,1,Both,651
701,1,Both,651
702,1,Both,651
703,1,Both,651
704,1,Mailer_Only,651
705,1,Mailer_Only,651
706,1,Both,651
707,1,Both,651
708,1,Mailer_Only,651
709,1,Both,651
71,1,Both,651
710,1,Both,651
711,1,Mailer_Only,651
712,1,Both,651
713,1,Both,651
714,1,Both,651
715,1,Both,651
716,1,Both,651
717,1,Mailer_Only,651
718,1,Both,651
719,1,Both,651
72,1,Both,651
720,1,Mailer_Only,651
721,1,Mailer_Only,651
722,1,Both,651
723,1,Both,651
724,1,Mailer_Only,651
725,1,Both,651
726,1,Both,651
727,1,Both,651
728,1,Both,651
729,1,Mailer_Only,651
73,1,Mailer_Only,651
730,1,Mailer_Only,651
731,1,Both,651
732,1,Both,651
733,1,Both,651
734,1,Mailer_Only,651
735,1,Both,651
736,1,Both,651
737,1,Mailer_Only,651
738,1,Both,651
739,1,Mailer_Only,651
74,1,Both,651
740,1,Both,651
741,1,Both,651
742,1,Both,651
743,1,Both,651
744,1,Both,651
745,1,Both,651
746,1,Mailer_Only,651
747,1,Both,651
748,1,Both,651
749,1,Mailer_Only,651
75,1,Both,651
750,1,Mailer_Only,651
751,1,Mailer_Only,651
752,1,Mailer_Only,651
753,1,Both,651
754,1,Both,651
755,1,Both,651
756,1,Both,651
757,1,Both,651
758,1,Mailer_Only,651
759,1,Mailer_Only,651
76,1,Mailer_Only,651
760,1,Both,651
761,1,Both,651
762,1,Both,651
763,1,Both,651
764,1,Both,651
765,1,Both,651
766,1,Both,651
767,1,Both,651
768,1,Both,651
769,1,Mailer_Only,651
77,1,Both,651
770,1,Both,651
771,1,Both,651
772,1,Mailer_Only,651
773,1,Mailer_Only,651
774,1,Mailer_Only,651
775,1,Mailer_Only,651
776,1,Both,651
777,1,Both,651
778,1,Both,651
779,1,Mailer_Only,651
78,1,Mailer_Only,651
780,1,Mailer_Only,651
781,1,Both,651
782,1,Both,651
783,1,Both,651
784,1,Both,651
785,1,Mailer_Only,651
786,1,Mailer_Only,651
787,1,Both,651
788,1,Both,651
789,1,Mailer_Only,651
79,1,Both,651
790,1,Both,651
791,1,Mailer_Only,651
792,1,Both,651
793,1,Both,651
794,1,Both,651
795,1,Both,651
796,1,Mailer_Only,651
797,1,Both,651
798,1,Both,651
799,1,Both,651
8,1,Both,651
80,1,Both,651
800,1,Both,651
801,1,Both,651
802,1,Both,651
803,1,Mailer_Only,651
804,1,Both,651
805,1,Both,651
806,1,Both,651
807,1,Both,651
808,1,Mailer_Only,651
809,1,Both,651
81,1,Both,651
810,1,Mailer_Only,651
811,1,Mailer_Only,651
812,1,Both,651
813,1,Mailer_Only,651
814,1,Mailer_Only,651
815,1,Both,651
816,1,Both,651
817,1,Both,651
818,1,Mailer_Only,651
819,1,Mailer_Only,651
82,1,Mailer_Only,651
820,1,Both,651
821,1,Mailer_Only,651
822,1,Mailer_Only,651
823,1,Both,651
824,1,Both,651
825,1,Both,651
826,1,Mailer_Only,651
827,1,Both,651
828,1,Both,651
829,1,Both,651
83,1,Mailer_Only,651
830,1,Both,651
831,1,Both,651
832,1,Mailer_Only,651
833,1,Both,651
834,1,Mailer_Only,651
835,1,Mailer_Only,651
836,1,Mailer_Only,651
837,1,Both,651
838,1,Mailer_Only,651
839,1,Both,651
84,1,Both,651
840,1,Both,651
841,1,Both,651
842,1,Both,651
843,1,Both,651
844,1,Both,651
845,1,Both,651
846,1,Mailer_Only,651
847,1,Mailer_Only,651
848,1,Both,651
849,1,Both,651
85,1,Both,651
850,1,Both,651
851,1,Mailer_Only,651
852,1,Both,651
853,1,Both,651
854,1,Mailer_Only,651
855,1,Both,651
856,1,Both,651
857,1,Both,651
858,1,Mailer_Only,651
859,1,Both,651
86,1,Both,651
860,1,Mailer_Only,651
861,1,Mailer_Only,651
862,1,Both,651
863,1,Both,651
864,1,Both,651
865,1,Mailer_Only,651
866,1,Both,651
867,1,Both,651
868,1,Both,651
869,1,Mailer_Only,651
87,1,Both,651
870,1,Both,651
871,1,Mailer_Only,651
872,1,Mailer_Only,651
873,1,Both,651
874,1,Mailer_Only,651
875,1,Both,651
876,1,Both,651
877,1,Both,651
878,1,Both,651
879,1,Both,651
88,1,Both,651
880,1,Mailer_Only,651
881,1,Both,651
882,1,Both,651
883,1,Both,651
884,1,Mailer_Only,651
885,1,Both,651
886,1,Both,651
887,1,Mailer_Only,651
888,1,Both,651
889,1,Both,651
89,1,Mailer_Only,651
890,1,Both,651
891,1,Both,651
892,1,Both,651
893,1,Both,651
894,1,Both,651
895,1,Both,651
896,1,Both,651
897,1,Both,651
898,1,Both,651
899,1,Mailer_Only,651
9,1,Both,651
90,1,Mailer_Only,651
900,1,Both,651
901,1,Both,651
902,1,Mailer_Only,651
903,1,Both,651
904,1,Mailer_Only,651
905,1,Mailer_Only,651
906,1,Both,651
907,1,Mailer_Only,651
908,1,Both,651
909,1,Both,651
91,1,Mailer_Only,651
910,1,Both,651
911,1,Both,651
912,1,Mailer_Only,651
913,1,Both,651
914,1,Mailer_Only,651
915,1,Mailer_Only,651
916,1,Both,651
917,1,Mailer_Only,651
918,1,Both,651
919,1,Both,651
92,1,Mailer_Only,651
920,1,Both,651
921,1,Mailer_Only,651
922,1,Both,651
923,1,Both,651
924,1,Mailer_Only,651
925,1,Both,651
926,1,Both,651
927,1,Both,651
928,1,Both,651
929,1,Both,651
93,1,Both,651
930,1,Both,651
931,1,Both,651
932,1,Both,651
933,1,Both,651
934,1,Both,651
935,1,Mailer_Only,651
936,1,Both,651
937,1,Both,651
938,1,Mailer_Only,651
939,1,Both,651
94,1,Both,651
940,1,Both,651
941,1,Mailer_Only,651
942,1,Both,651
943,1,Both,651
944,1,Both,651
945,1,Both,651
946,1,Both,651
947,1,Both,651
948,1,Mailer_Only,651
949,1,Both,651
95,1,Both,651
950,1,Both,651
951,1,Mailer_Only,651
952,1,Both,651
953,1,Both,651
954,1,Both,651
955,1,Both,651
956,1,Both,651
957,1,Both,651
958,1,Mailer_Only,651
959,1,Both,651
96,1,Mailer_Only,651
960,1,Mailer_Only,651
961,1,Both,651
962,1,Mailer_Only,651
963,1,Both,651
964,1,Both,651
965,1,Both,651
966,1,Mailer_Only,651
967,1,Mailer_Only,651
968,1,Both,651
969,1,Mailer_Only,651
97,1,Both,651
970,1,Mailer_Only,651
971,1,Mailer_Only,651
972,1,Both,651
973,1,Both,651
974,1,Both,651
975,1,Mailer_Only,651
976,1,Both,651
977,1,Mailer_Only,651
978,1,Mailer_Only,651
979,1,Both,651
98,1,Mailer_Only,651
980,1,Both,651
981,1,Mailer_Only,651
982,1,Both,651
983,1,Both,651
984,1,Both,651
985,1,Both,651
986,1,Mailer_Only,651
987,1,Both,651
988,1,Both,651
989,1,Both,651
99,1,Both,651
990,1,Mailer_Only,651
991,1,Mailer_Only,651
992,1,Mailer_Only,651
993,1,Both,651
994,1,Mailer_Only,651
995,1,Both,651
996,1,Both,651
997,1,Both,651
998,1,Both,651
999,1,Both,651
